Двигатель;Номер детали;Исходное (обрезанное) значение;Поиск в Google;Что делать
NTE240;203933;"02T2-1,01T2";https://www.google.com/search?q=Cummins%20203933%20bulletin%20filetype%3Apdf;Открыть деталь 203933 на quickserve.cummins.com — там указан полный список тем/бюллетеней
NTE240;205168;"06T8-2,08T8";https://www.google.com/search?q=Cummins%20205168%20bulletin%20filetype%3Apdf;Открыть деталь 205168 на quickserve.cummins.com — там указан полный список тем/бюллетеней
NTE240;205401;"02T2-1,96T2";https://www.google.com/search?q=Cummins%20205401%20bulletin%20filetype%3Apdf;Открыть деталь 205401 на quickserve.cummins.com — там указан полный список тем/бюллетеней
NTE240;206391;"08T8-6,06T8";https://www.google.com/search?q=Cummins%20206391%20bulletin%20filetype%3Apdf;Открыть деталь 206391 на quickserve.cummins.com — там указан полный список тем/бюллетеней
NTE240;206506;"08T8-6,06T8";https://www.google.com/search?q=Cummins%20206506%20bulletin%20filetype%3Apdf;Открыть деталь 206506 на quickserve.cummins.com — там указан полный список тем/бюллетеней
NTE240;3021618;"02T7-3,04T7";https://www.google.com/search?q=Cummins%203021618%20bulletin%20filetype%3Apdf;Открыть деталь 3021618 на quickserve.cummins.com — там указан полный список тем/бюллетеней
NTE240;3035026;"TSB200223,0";https://www.google.com/search?q=Cummins%203035026%20bulletin%20filetype%3Apdf;Открыть деталь 3035026 на quickserve.cummins.com — там указан полный список тем/бюллетеней
NTE240;3048625;"06T8-2,08T8";https://www.google.com/search?q=Cummins%203048625%20bulletin%20filetype%3Apdf;Открыть деталь 3048625 на quickserve.cummins.com — там указан полный список тем/бюллетеней
NTE240;3082315;"02T0-4,TSB2";https://www.google.com/search?q=Cummins%203082315%20bulletin%20filetype%3Apdf;Открыть деталь 3082315 на quickserve.cummins.com — там указан полный список тем/бюллетеней
NTE240;3085709;"TSB240001,0";https://www.google.com/search?q=Cummins%203085709%20bulletin%20filetype%3Apdf;Открыть деталь 3085709 на quickserve.cummins.com — там указан полный список тем/бюллетеней
NTE240;3087279;"TSB220146,T";https://www.google.com/search?q=Cummins%203087279%20bulletin%20filetype%3Apdf;Открыть деталь 3087279 на quickserve.cummins.com — там указан полный список тем/бюллетеней
NTE240;3088386;"02T0-8,92T1";https://www.google.com/search?q=Cummins%203088386%20bulletin%20filetype%3Apdf;Открыть деталь 3088386 на quickserve.cummins.com — там указан полный список тем/бюллетеней
NTE240;3089019;"02T0-8,02T0";https://www.google.com/search?q=Cummins%203089019%20bulletin%20filetype%3Apdf;Открыть деталь 3089019 на quickserve.cummins.com — там указан полный список тем/бюллетеней
NTE240;3089232;"TSB240217,0";https://www.google.com/search?q=Cummins%203089232%20bulletin%20filetype%3Apdf;Открыть деталь 3089232 на quickserve.cummins.com — там указан полный список тем/бюллетеней
NTE240;3089238;"02T7-3,01T7";https://www.google.com/search?q=Cummins%203089238%20bulletin%20filetype%3Apdf;Открыть деталь 3089238 на quickserve.cummins.com — там указан полный список тем/бюллетеней
NTE240;3089240;"02T0-4,05T5";https://www.google.com/search?q=Cummins%203089240%20bulletin%20filetype%3Apdf;Открыть деталь 3089240 на quickserve.cummins.com — там указан полный список тем/бюллетеней
NTE240;3089392;"02T0-8,02T0";https://www.google.com/search?q=Cummins%203089392%20bulletin%20filetype%3Apdf;Открыть деталь 3089392 на quickserve.cummins.com — там указан полный список тем/бюллетеней
NTE240;3090400;"TSB250148,0";https://www.google.com/search?q=Cummins%203090400%20bulletin%20filetype%3Apdf;Открыть деталь 3090400 на quickserve.cummins.com — там указан полный список тем/бюллетеней
NTE240;3093807;"05T13-5,05T";https://www.google.com/search?q=Cummins%203093807%20bulletin%20filetype%3Apdf;Открыть деталь 3093807 на quickserve.cummins.com — там указан полный список тем/бюллетеней
NTE240;3093826;"TSB240233,T";https://www.google.com/search?q=Cummins%203093826%20bulletin%20filetype%3Apdf;Открыть деталь 3093826 на quickserve.cummins.com — там указан полный список тем/бюллетеней
NTE240;3093828;"TSB240001,9";https://www.google.com/search?q=Cummins%203093828%20bulletin%20filetype%3Apdf;Открыть деталь 3093828 на quickserve.cummins.com — там указан полный список тем/бюллетеней
NTE240;3093932;"TSB230242,0";https://www.google.com/search?q=Cummins%203093932%20bulletin%20filetype%3Apdf;Открыть деталь 3093932 на quickserve.cummins.com — там указан полный список тем/бюллетеней
NTE240;3093957;"TSB230131,0";https://www.google.com/search?q=Cummins%203093957%20bulletin%20filetype%3Apdf;Открыть деталь 3093957 на quickserve.cummins.com — там указан полный список тем/бюллетеней
NTE240;3171499;"02T0-8,02T0";https://www.google.com/search?q=Cummins%203171499%20bulletin%20filetype%3Apdf;Открыть деталь 3171499 на quickserve.cummins.com — там указан полный список тем/бюллетеней
NTE240;3171818;"04T7-5,TSB2";https://www.google.com/search?q=Cummins%203171818%20bulletin%20filetype%3Apdf;Открыть деталь 3171818 на quickserve.cummins.com — там указан полный список тем/бюллетеней
NTE240;3328463;"TSB220146,T";https://www.google.com/search?q=Cummins%203328463%20bulletin%20filetype%3Apdf;Открыть деталь 3328463 на quickserve.cummins.com — там указан полный список тем/бюллетеней
NTE240;3331873;"TSB230083,T";https://www.google.com/search?q=Cummins%203331873%20bulletin%20filetype%3Apdf;Открыть деталь 3331873 на quickserve.cummins.com — там указан полный список тем/бюллетеней
NTE240;3332136;"04T19-2,03T";https://www.google.com/search?q=Cummins%203332136%20bulletin%20filetype%3Apdf;Открыть деталь 3332136 на quickserve.cummins.com — там указан полный список тем/бюллетеней
NTE240;3332291;"02T0-8,04T3";https://www.google.com/search?q=Cummins%203332291%20bulletin%20filetype%3Apdf;Открыть деталь 3332291 на quickserve.cummins.com — там указан полный список тем/бюллетеней
NTE240;3393258;"TSB220030,0";https://www.google.com/search?q=Cummins%203393258%20bulletin%20filetype%3Apdf;Открыть деталь 3393258 на quickserve.cummins.com — там указан полный список тем/бюллетеней
NTE240;3627961;"02T0-8,02T0";https://www.google.com/search?q=Cummins%203627961%20bulletin%20filetype%3Apdf;Открыть деталь 3627961 на quickserve.cummins.com — там указан полный список тем/бюллетеней
NTE240;3628553;"04T19-2,03T";https://www.google.com/search?q=Cummins%203628553%20bulletin%20filetype%3Apdf;Открыть деталь 3628553 на quickserve.cummins.com — там указан полный список тем/бюллетеней
NTE240;3628554;"02T7-3,03T1";https://www.google.com/search?q=Cummins%203628554%20bulletin%20filetype%3Apdf;Открыть деталь 3628554 на quickserve.cummins.com — там указан полный список тем/бюллетеней
NTE240;3628585;"03T19-30,04";https://www.google.com/search?q=Cummins%203628585%20bulletin%20filetype%3Apdf;Открыть деталь 3628585 на quickserve.cummins.com — там указан полный список тем/бюллетеней
NTE240;3630740;"97T0-5,02T0";https://www.google.com/search?q=Cummins%203630740%20bulletin%20filetype%3Apdf;Открыть деталь 3630740 на quickserve.cummins.com — там указан полный список тем/бюллетеней
NTE240;3636278;"08T8-6,06T8";https://www.google.com/search?q=Cummins%203636278%20bulletin%20filetype%3Apdf;Открыть деталь 3636278 на quickserve.cummins.com — там указан полный список тем/бюллетеней
NTE240;3636638;"TSB220146,T";https://www.google.com/search?q=Cummins%203636638%20bulletin%20filetype%3Apdf;Открыть деталь 3636638 на quickserve.cummins.com — там указан полный список тем/бюллетеней
NTE240;3637488;"08T8-6,06T8";https://www.google.com/search?q=Cummins%203637488%20bulletin%20filetype%3Apdf;Открыть деталь 3637488 на quickserve.cummins.com — там указан полный список тем/бюллетеней
NTE240;3637970;"TSB240001,T";https://www.google.com/search?q=Cummins%203637970%20bulletin%20filetype%3Apdf;Открыть деталь 3637970 на quickserve.cummins.com — там указан полный список тем/бюллетеней
NTE240;3647803;"TSB230176,T";https://www.google.com/search?q=Cummins%203647803%20bulletin%20filetype%3Apdf;Открыть деталь 3647803 на quickserve.cummins.com — там указан полный список тем/бюллетеней
NTE240;3678606;"02T0-8,TSB2";https://www.google.com/search?q=Cummins%203678606%20bulletin%20filetype%3Apdf;Открыть деталь 3678606 на quickserve.cummins.com — там указан полный список тем/бюллетеней
NTE240;3678611;"TSB230131,0";https://www.google.com/search?q=Cummins%203678611%20bulletin%20filetype%3Apdf;Открыть деталь 3678611 на quickserve.cummins.com — там указан полный список тем/бюллетеней
NTE240;3678786;"05T10-1,05T";https://www.google.com/search?q=Cummins%203678786%20bulletin%20filetype%3Apdf;Открыть деталь 3678786 на quickserve.cummins.com — там указан полный список тем/бюллетеней
NTE240;3678873;"TSB250148,0";https://www.google.com/search?q=Cummins%203678873%20bulletin%20filetype%3Apdf;Открыть деталь 3678873 на quickserve.cummins.com — там указан полный список тем/бюллетеней
NTE240;3678921;"05T5-19,02T";https://www.google.com/search?q=Cummins%203678921%20bulletin%20filetype%3Apdf;Открыть деталь 3678921 на quickserve.cummins.com — там указан полный список тем/бюллетеней
NTE240;3678923;"99T5-5,05T1";https://www.google.com/search?q=Cummins%203678923%20bulletin%20filetype%3Apdf;Открыть деталь 3678923 на quickserve.cummins.com — там указан полный список тем/бюллетеней
NTE240;3678925;"02T0-8,05T1";https://www.google.com/search?q=Cummins%203678925%20bulletin%20filetype%3Apdf;Открыть деталь 3678925 на quickserve.cummins.com — там указан полный список тем/бюллетеней
NTE240;3900257;"02T2-1,05T1";https://www.google.com/search?q=Cummins%203900257%20bulletin%20filetype%3Apdf;Открыть деталь 3900257 на quickserve.cummins.com — там указан полный список тем/бюллетеней
NTE240;3900589;"04T5-7,02T0";https://www.google.com/search?q=Cummins%203900589%20bulletin%20filetype%3Apdf;Открыть деталь 3900589 на quickserve.cummins.com — там указан полный список тем/бюллетеней
NTE240;3900626;"TSB230131,0";https://www.google.com/search?q=Cummins%203900626%20bulletin%20filetype%3Apdf;Открыть деталь 3900626 на quickserve.cummins.com — там указан полный список тем/бюллетеней
NTE240;3900629;"TSB230213,0";https://www.google.com/search?q=Cummins%203900629%20bulletin%20filetype%3Apdf;Открыть деталь 3900629 на quickserve.cummins.com — там указан полный список тем/бюллетеней
NTE240;3900630;"TSB230176,0";https://www.google.com/search?q=Cummins%203900630%20bulletin%20filetype%3Apdf;Открыть деталь 3900630 на quickserve.cummins.com — там указан полный список тем/бюллетеней
NTE240;3900631;"TSB240001,0";https://www.google.com/search?q=Cummins%203900631%20bulletin%20filetype%3Apdf;Открыть деталь 3900631 на quickserve.cummins.com — там указан полный список тем/бюллетеней
NTE240;3900634;"TSB240001,T";https://www.google.com/search?q=Cummins%203900634%20bulletin%20filetype%3Apdf;Открыть деталь 3900634 на quickserve.cummins.com — там указан полный список тем/бюллетеней
NTE240;3900635;"TSB240130,0";https://www.google.com/search?q=Cummins%203900635%20bulletin%20filetype%3Apdf;Открыть деталь 3900635 на quickserve.cummins.com — там указан полный список тем/бюллетеней
NTE240;3901249;"TSB240001,9";https://www.google.com/search?q=Cummins%203901249%20bulletin%20filetype%3Apdf;Открыть деталь 3901249 на quickserve.cummins.com — там указан полный список тем/бюллетеней
NTE240;3901865;"01T7-3,97T5";https://www.google.com/search?q=Cummins%203901865%20bulletin%20filetype%3Apdf;Открыть деталь 3901865 на quickserve.cummins.com — там указан полный список тем/бюллетеней
NTE240;3902114;"04T10-7,TSB";https://www.google.com/search?q=Cummins%203902114%20bulletin%20filetype%3Apdf;Открыть деталь 3902114 на quickserve.cummins.com — там указан полный список тем/бюллетеней
NTE240;3902460;"TSB240217,0";https://www.google.com/search?q=Cummins%203902460%20bulletin%20filetype%3Apdf;Открыть деталь 3902460 на quickserve.cummins.com — там указан полный список тем/бюллетеней
NTE240;3903464;"TSB230131,9";https://www.google.com/search?q=Cummins%203903464%20bulletin%20filetype%3Apdf;Открыть деталь 3903464 на quickserve.cummins.com — там указан полный список тем/бюллетеней
NTE240;3903990;"01T7-4,01T6";https://www.google.com/search?q=Cummins%203903990%20bulletin%20filetype%3Apdf;Открыть деталь 3903990 на quickserve.cummins.com — там указан полный список тем/бюллетеней
NTE240;3913372;"TSB240001,0";https://www.google.com/search?q=Cummins%203913372%20bulletin%20filetype%3Apdf;Открыть деталь 3913372 на quickserve.cummins.com — там указан полный список тем/бюллетеней
NTE240;3913638;"04T19-2,07T";https://www.google.com/search?q=Cummins%203913638%20bulletin%20filetype%3Apdf;Открыть деталь 3913638 на quickserve.cummins.com — там указан полный список тем/бюллетеней
NTE240;3914407;"TSB230131,0";https://www.google.com/search?q=Cummins%203914407%20bulletin%20filetype%3Apdf;Открыть деталь 3914407 на quickserve.cummins.com — там указан полный список тем/бюллетеней
NTE240;3924725;"TSB220165,T";https://www.google.com/search?q=Cummins%203924725%20bulletin%20filetype%3Apdf;Открыть деталь 3924725 на quickserve.cummins.com — там указан полный список тем/бюллетеней
NTE240;3937692;"05T0-39,240";https://www.google.com/search?q=Cummins%203937692%20bulletin%20filetype%3Apdf;Открыть деталь 3937692 на quickserve.cummins.com — там указан полный список тем/бюллетеней
NTE240;3944593;"TSB190076,0";https://www.google.com/search?q=Cummins%203944593%20bulletin%20filetype%3Apdf;Открыть деталь 3944593 на quickserve.cummins.com — там указан полный список тем/бюллетеней
NTE240;3963991;"TSB200026,T";https://www.google.com/search?q=Cummins%203963991%20bulletin%20filetype%3Apdf;Открыть деталь 3963991 на quickserve.cummins.com — там указан полный список тем/бюллетеней
NTE240;4001044;"02T0-8,02T0";https://www.google.com/search?q=Cummins%204001044%20bulletin%20filetype%3Apdf;Открыть деталь 4001044 на quickserve.cummins.com — там указан полный список тем/бюллетеней
NTE240;4001226;"08T11-4,08T";https://www.google.com/search?q=Cummins%204001226%20bulletin%20filetype%3Apdf;Открыть деталь 4001226 на quickserve.cummins.com — там указан полный список тем/бюллетеней
NTE240;4066190;"02T7-3,04T7";https://www.google.com/search?q=Cummins%204066190%20bulletin%20filetype%3Apdf;Открыть деталь 4066190 на quickserve.cummins.com — там указан полный список тем/бюллетеней
NTE240;4066192;"02T7-6,04T7";https://www.google.com/search?q=Cummins%204066192%20bulletin%20filetype%3Apdf;Открыть деталь 4066192 на quickserve.cummins.com — там указан полный список тем/бюллетеней
NTE240;4066194;"02T7-3,02T7";https://www.google.com/search?q=Cummins%204066194%20bulletin%20filetype%3Apdf;Открыть деталь 4066194 на quickserve.cummins.com — там указан полный список тем/бюллетеней
NTE240;4066195;"02T7-3,04T7";https://www.google.com/search?q=Cummins%204066195%20bulletin%20filetype%3Apdf;Открыть деталь 4066195 на quickserve.cummins.com — там указан полный список тем/бюллетеней
NTE240;4101256;"08T8-6,06T8";https://www.google.com/search?q=Cummins%204101256%20bulletin%20filetype%3Apdf;Открыть деталь 4101256 на quickserve.cummins.com — там указан полный список тем/бюллетеней
NTE240;4924925;"TSB220145,T";https://www.google.com/search?q=Cummins%204924925%20bulletin%20filetype%3Apdf;Открыть деталь 4924925 на quickserve.cummins.com — там указан полный список тем/бюллетеней
NTE240;5286859;"TSB230084,T";https://www.google.com/search?q=Cummins%205286859%20bulletin%20filetype%3Apdf;Открыть деталь 5286859 на quickserve.cummins.com — там указан полный список тем/бюллетеней
NTE240;5539846;"TSB230176,T";https://www.google.com/search?q=Cummins%205539846%20bulletin%20filetype%3Apdf;Открыть деталь 5539846 на quickserve.cummins.com — там указан полный список тем/бюллетеней
NTE240;5542339;"TSB220146,T";https://www.google.com/search?q=Cummins%205542339%20bulletin%20filetype%3Apdf;Открыть деталь 5542339 на quickserve.cummins.com — там указан полный список тем/бюллетеней
NTE240;6372680;"TSB230084,T";https://www.google.com/search?q=Cummins%206372680%20bulletin%20filetype%3Apdf;Открыть деталь 6372680 на quickserve.cummins.com — там указан полный список тем/бюллетеней
NTE240;68152B;"03T19-30,04";https://www.google.com/search?q=Cummins%2068152B%20bulletin%20filetype%3Apdf;Открыть деталь 68152B на quickserve.cummins.com — там указан полный список тем/бюллетеней
NTE240;69911A;"97T6-6,08T1";https://www.google.com/search?q=Cummins%2069911A%20bulletin%20filetype%3Apdf;Открыть деталь 69911A на quickserve.cummins.com — там указан полный список тем/бюллетеней
NTE240;S631;"91T5-7,01T1";https://www.google.com/search?q=Cummins%20S631%20bulletin%20filetype%3Apdf;Открыть деталь S631 на quickserve.cummins.com — там указан полный список тем/бюллетеней
NTE200;108707;"00T7-17,07T";https://www.google.com/search?q=Cummins%20108707%20bulletin%20filetype%3Apdf;Открыть деталь 108707 на quickserve.cummins.com — там указан полный список тем/бюллетеней
NTE200;191772;"TSB210083,0";https://www.google.com/search?q=Cummins%20191772%20bulletin%20filetype%3Apdf;Открыть деталь 191772 на quickserve.cummins.com — там указан полный список тем/бюллетеней
NTE200;203933;"02T2-1,01T2";https://www.google.com/search?q=Cummins%20203933%20bulletin%20filetype%3Apdf;Открыть деталь 203933 на quickserve.cummins.com — там указан полный список тем/бюллетеней
NTE200;205401;"02T2-1,96T2";https://www.google.com/search?q=Cummins%20205401%20bulletin%20filetype%3Apdf;Открыть деталь 205401 на quickserve.cummins.com — там указан полный список тем/бюллетеней
NTE200;206224;"96T2-11,01T";https://www.google.com/search?q=Cummins%20206224%20bulletin%20filetype%3Apdf;Открыть деталь 206224 на quickserve.cummins.com — там указан полный список тем/бюллетеней
NTE200;3008466;"07T1-26,01T";https://www.google.com/search?q=Cummins%203008466%20bulletin%20filetype%3Apdf;Открыть деталь 3008466 на quickserve.cummins.com — там указан полный список тем/бюллетеней
NTE200;3021618;"02T7-3,04T7";https://www.google.com/search?q=Cummins%203021618%20bulletin%20filetype%3Apdf;Открыть деталь 3021618 на quickserve.cummins.com — там указан полный список тем/бюллетеней
NTE200;3035026;"TSB200223,0";https://www.google.com/search?q=Cummins%203035026%20bulletin%20filetype%3Apdf;Открыть деталь 3035026 на quickserve.cummins.com — там указан полный список тем/бюллетеней
NTE200;3036460;"04T0-9,05T7";https://www.google.com/search?q=Cummins%203036460%20bulletin%20filetype%3Apdf;Открыть деталь 3036460 на quickserve.cummins.com — там указан полный список тем/бюллетеней
NTE200;3069779;"90T1-12,97T";https://www.google.com/search?q=Cummins%203069779%20bulletin%20filetype%3Apdf;Открыть деталь 3069779 на quickserve.cummins.com — там указан полный список тем/бюллетеней
NTE200;3085709;"TSB240001,0";https://www.google.com/search?q=Cummins%203085709%20bulletin%20filetype%3Apdf;Открыть деталь 3085709 на quickserve.cummins.com — там указан полный список тем/бюллетеней
NTE200;3086362;"01T2-2,96T2";https://www.google.com/search?q=Cummins%203086362%20bulletin%20filetype%3Apdf;Открыть деталь 3086362 на quickserve.cummins.com — там указан полный список тем/бюллетеней
NTE200;3088389;"96T2-11,01T";https://www.google.com/search?q=Cummins%203088389%20bulletin%20filetype%3Apdf;Открыть деталь 3088389 на quickserve.cummins.com — там указан полный список тем/бюллетеней
NTE200;3089019;"02T0-8,02T0";https://www.google.com/search?q=Cummins%203089019%20bulletin%20filetype%3Apdf;Открыть деталь 3089019 на quickserve.cummins.com — там указан полный список тем/бюллетеней
NTE200;3089240;"02T0-4,05T5";https://www.google.com/search?q=Cummins%203089240%20bulletin%20filetype%3Apdf;Открыть деталь 3089240 на quickserve.cummins.com — там указан полный список тем/бюллетеней
NTE200;3093957;"TSB230131,0";https://www.google.com/search?q=Cummins%203093957%20bulletin%20filetype%3Apdf;Открыть деталь 3093957 на quickserve.cummins.com — там указан полный список тем/бюллетеней
NTE200;3171818;"04T7-5,TSB2";https://www.google.com/search?q=Cummins%203171818%20bulletin%20filetype%3Apdf;Открыть деталь 3171818 на quickserve.cummins.com — там указан полный список тем/бюллетеней
NTE200;3175239;"01T15-1,TSB";https://www.google.com/search?q=Cummins%203175239%20bulletin%20filetype%3Apdf;Открыть деталь 3175239 на quickserve.cummins.com — там указан полный список тем/бюллетеней
NTE200;3200287;"97T9-3,93T1";https://www.google.com/search?q=Cummins%203200287%20bulletin%20filetype%3Apdf;Открыть деталь 3200287 на quickserve.cummins.com — там указан полный список тем/бюллетеней
NTE200;3201128;"08T3-2,05T6";https://www.google.com/search?q=Cummins%203201128%20bulletin%20filetype%3Apdf;Открыть деталь 3201128 на quickserve.cummins.com — там указан полный список тем/бюллетеней
NTE200;3410273;"99T0-4,00T0";https://www.google.com/search?q=Cummins%203410273%20bulletin%20filetype%3Apdf;Открыть деталь 3410273 на quickserve.cummins.com — там указан полный список тем/бюллетеней
NTE200;3522904;"02T10-5,TSB";https://www.google.com/search?q=Cummins%203522904%20bulletin%20filetype%3Apdf;Открыть деталь 3522904 на quickserve.cummins.com — там указан полный список тем/бюллетеней
NTE200;3609817;"TSB210001,0";https://www.google.com/search?q=Cummins%203609817%20bulletin%20filetype%3Apdf;Открыть деталь 3609817 на quickserve.cummins.com — там указан полный список тем/бюллетеней
NTE200;3627961;"02T0-8,02T0";https://www.google.com/search?q=Cummins%203627961%20bulletin%20filetype%3Apdf;Открыть деталь 3627961 на quickserve.cummins.com — там указан полный список тем/бюллетеней
NTE200;3628553;"04T19-2,03T";https://www.google.com/search?q=Cummins%203628553%20bulletin%20filetype%3Apdf;Открыть деталь 3628553 на quickserve.cummins.com — там указан полный список тем/бюллетеней
NTE200;3628554;"02T7-3,03T1";https://www.google.com/search?q=Cummins%203628554%20bulletin%20filetype%3Apdf;Открыть деталь 3628554 на quickserve.cummins.com — там указан полный список тем/бюллетеней
NTE200;3628585;"03T19-30,04";https://www.google.com/search?q=Cummins%203628585%20bulletin%20filetype%3Apdf;Открыть деталь 3628585 на quickserve.cummins.com — там указан полный список тем/бюллетеней
NTE200;3628902;"99T19-8,00T";https://www.google.com/search?q=Cummins%203628902%20bulletin%20filetype%3Apdf;Открыть деталь 3628902 на quickserve.cummins.com — там указан полный список тем/бюллетеней
NTE200;3630740;"97T0-5,02T0";https://www.google.com/search?q=Cummins%203630740%20bulletin%20filetype%3Apdf;Открыть деталь 3630740 на quickserve.cummins.com — там указан полный список тем/бюллетеней
NTE200;3636638;"TSB220146,T";https://www.google.com/search?q=Cummins%203636638%20bulletin%20filetype%3Apdf;Открыть деталь 3636638 на quickserve.cummins.com — там указан полный список тем/бюллетеней
NTE200;3637970;"TSB240001,T";https://www.google.com/search?q=Cummins%203637970%20bulletin%20filetype%3Apdf;Открыть деталь 3637970 на quickserve.cummins.com — там указан полный список тем/бюллетеней
NTE200;3678606;"02T0-8,TSB2";https://www.google.com/search?q=Cummins%203678606%20bulletin%20filetype%3Apdf;Открыть деталь 3678606 на quickserve.cummins.com — там указан полный список тем/бюллетеней
NTE200;3678611;"TSB230131,0";https://www.google.com/search?q=Cummins%203678611%20bulletin%20filetype%3Apdf;Открыть деталь 3678611 на quickserve.cummins.com — там указан полный список тем/бюллетеней
NTE200;3678786;"05T10-1,05T";https://www.google.com/search?q=Cummins%203678786%20bulletin%20filetype%3Apdf;Открыть деталь 3678786 на quickserve.cummins.com — там указан полный список тем/бюллетеней
NTE200;3678873;"TSB250148,0";https://www.google.com/search?q=Cummins%203678873%20bulletin%20filetype%3Apdf;Открыть деталь 3678873 на quickserve.cummins.com — там указан полный список тем/бюллетеней
NTE200;3678921;"05T5-19,02T";https://www.google.com/search?q=Cummins%203678921%20bulletin%20filetype%3Apdf;Открыть деталь 3678921 на quickserve.cummins.com — там указан полный список тем/бюллетеней
NTE200;3865312;"01T0-12,96T";https://www.google.com/search?q=Cummins%203865312%20bulletin%20filetype%3Apdf;Открыть деталь 3865312 на quickserve.cummins.com — там указан полный список тем/бюллетеней
NTE200;3900589;"04T5-7,02T0";https://www.google.com/search?q=Cummins%203900589%20bulletin%20filetype%3Apdf;Открыть деталь 3900589 на quickserve.cummins.com — там указан полный список тем/бюллетеней
NTE200;3900626;"TSB230131,0";https://www.google.com/search?q=Cummins%203900626%20bulletin%20filetype%3Apdf;Открыть деталь 3900626 на quickserve.cummins.com — там указан полный список тем/бюллетеней
NTE200;3900629;"TSB230213,0";https://www.google.com/search?q=Cummins%203900629%20bulletin%20filetype%3Apdf;Открыть деталь 3900629 на quickserve.cummins.com — там указан полный список тем/бюллетеней
NTE200;3900630;"TSB230176,0";https://www.google.com/search?q=Cummins%203900630%20bulletin%20filetype%3Apdf;Открыть деталь 3900630 на quickserve.cummins.com — там указан полный список тем/бюллетеней
NTE200;3903464;"TSB230131,9";https://www.google.com/search?q=Cummins%203903464%20bulletin%20filetype%3Apdf;Открыть деталь 3903464 на quickserve.cummins.com — там указан полный список тем/бюллетеней
NTE200;3903990;"01T7-4,01T6";https://www.google.com/search?q=Cummins%203903990%20bulletin%20filetype%3Apdf;Открыть деталь 3903990 на quickserve.cummins.com — там указан полный список тем/бюллетеней
NTE200;3914407;"TSB230131,0";https://www.google.com/search?q=Cummins%203914407%20bulletin%20filetype%3Apdf;Открыть деталь 3914407 на quickserve.cummins.com — там указан полный список тем/бюллетеней
NTE200;3924725;"TSB220165,T";https://www.google.com/search?q=Cummins%203924725%20bulletin%20filetype%3Apdf;Открыть деталь 3924725 на quickserve.cummins.com — там указан полный список тем/бюллетеней
NTE200;3937692;"05T0-39,240";https://www.google.com/search?q=Cummins%203937692%20bulletin%20filetype%3Apdf;Открыть деталь 3937692 на quickserve.cummins.com — там указан полный список тем/бюллетеней
NTE200;3966349;"TSB230074,0";https://www.google.com/search?q=Cummins%203966349%20bulletin%20filetype%3Apdf;Открыть деталь 3966349 на quickserve.cummins.com — там указан полный список тем/бюллетеней
NTE200;4001044;"02T0-8,02T0";https://www.google.com/search?q=Cummins%204001044%20bulletin%20filetype%3Apdf;Открыть деталь 4001044 на quickserve.cummins.com — там указан полный список тем/бюллетеней
NTE200;4924925;"TSB220145,T";https://www.google.com/search?q=Cummins%204924925%20bulletin%20filetype%3Apdf;Открыть деталь 4924925 на quickserve.cummins.com — там указан полный список тем/бюллетеней
NTE200;43828A;"08T8-1,01T3";https://www.google.com/search?q=Cummins%2043828A%20bulletin%20filetype%3Apdf;Открыть деталь 43828A на quickserve.cummins.com — там указан полный список тем/бюллетеней
NTE200;69911A;"97T6-6,08T1";https://www.google.com/search?q=Cummins%2069911A%20bulletin%20filetype%3Apdf;Открыть деталь 69911A на quickserve.cummins.com — там указан полный список тем/бюллетеней
NTE200;S103D;"TSB220049,0";https://www.google.com/search?q=Cummins%20S103D%20bulletin%20filetype%3Apdf;Открыть деталь S103D на quickserve.cummins.com — там указан полный список тем/бюллетеней
NTE200;S127;"08T11-4,01T";https://www.google.com/search?q=Cummins%20S127%20bulletin%20filetype%3Apdf;Открыть деталь S127 на quickserve.cummins.com — там указан полный список тем/бюллетеней
NTE200;S167B;"96T11-3A,97";https://www.google.com/search?q=Cummins%20S167B%20bulletin%20filetype%3Apdf;Открыть деталь S167B на quickserve.cummins.com — там указан полный список тем/бюллетеней
NTE200;S602;"01T8-7,04T0";https://www.google.com/search?q=Cummins%20S602%20bulletin%20filetype%3Apdf;Открыть деталь S602 на quickserve.cummins.com — там указан полный список тем/бюллетеней
NTE200;S604;"TSB220049,0";https://www.google.com/search?q=Cummins%20S604%20bulletin%20filetype%3Apdf;Открыть деталь S604 на quickserve.cummins.com — там указан полный список тем/бюллетеней
NTE200;S631;"91T5-7,01T1";https://www.google.com/search?q=Cummins%20S631%20bulletin%20filetype%3Apdf;Открыть деталь S631 на quickserve.cummins.com — там указан полный список тем/бюллетеней
TR100A;129888;"05T5-19,07T";https://www.google.com/search?q=Cummins%20129888%20bulletin%20filetype%3Apdf;Открыть деталь 129888 на quickserve.cummins.com — там указан полный список тем/бюллетеней
TR100A;196057;"07T5-13,05T";https://www.google.com/search?q=Cummins%20196057%20bulletin%20filetype%3Apdf;Открыть деталь 196057 на quickserve.cummins.com — там указан полный список тем/бюллетеней
TR100A;205168;"06T8-2,08T8";https://www.google.com/search?q=Cummins%20205168%20bulletin%20filetype%3Apdf;Открыть деталь 205168 на quickserve.cummins.com — там указан полный список тем/бюллетеней
TR100A;206506;"08T8-6,06T8";https://www.google.com/search?q=Cummins%20206506%20bulletin%20filetype%3Apdf;Открыть деталь 206506 на quickserve.cummins.com — там указан полный список тем/бюллетеней
TR100A;3016787;"99T1-10,TSB";https://www.google.com/search?q=Cummins%203016787%20bulletin%20filetype%3Apdf;Открыть деталь 3016787 на quickserve.cummins.com — там указан полный список тем/бюллетеней
TR100A;3021420;"99T5-3,07T5";https://www.google.com/search?q=Cummins%203021420%20bulletin%20filetype%3Apdf;Открыть деталь 3021420 на quickserve.cummins.com — там указан полный список тем/бюллетеней
TR100A;3089238;"02T7-3,01T7";https://www.google.com/search?q=Cummins%203089238%20bulletin%20filetype%3Apdf;Открыть деталь 3089238 на quickserve.cummins.com — там указан полный список тем/бюллетеней
TR100A;3089240;"02T0-4,05T5";https://www.google.com/search?q=Cummins%203089240%20bulletin%20filetype%3Apdf;Открыть деталь 3089240 на quickserve.cummins.com — там указан полный список тем/бюллетеней
TR100A;3090400;"TSB250148,0";https://www.google.com/search?q=Cummins%203090400%20bulletin%20filetype%3Apdf;Открыть деталь 3090400 на quickserve.cummins.com — там указан полный список тем/бюллетеней
TR100A;3092334;"04T7-11,05T";https://www.google.com/search?q=Cummins%203092334%20bulletin%20filetype%3Apdf;Открыть деталь 3092334 на quickserve.cummins.com — там указан полный список тем/бюллетеней
TR100A;3092366;"TSB101088,9";https://www.google.com/search?q=Cummins%203092366%20bulletin%20filetype%3Apdf;Открыть деталь 3092366 на quickserve.cummins.com — там указан полный список тем/бюллетеней
TR100A;3092821;"TSB101088,9";https://www.google.com/search?q=Cummins%203092821%20bulletin%20filetype%3Apdf;Открыть деталь 3092821 на quickserve.cummins.com — там указан полный список тем/бюллетеней
TR100A;3092922;"06T0-36,97T";https://www.google.com/search?q=Cummins%203092922%20bulletin%20filetype%3Apdf;Открыть деталь 3092922 на quickserve.cummins.com — там указан полный список тем/бюллетеней
TR100A;3093828;"TSB240001,9";https://www.google.com/search?q=Cummins%203093828%20bulletin%20filetype%3Apdf;Открыть деталь 3093828 на quickserve.cummins.com — там указан полный список тем/бюллетеней
TR100A;3093932;"TSB230242,0";https://www.google.com/search?q=Cummins%203093932%20bulletin%20filetype%3Apdf;Открыть деталь 3093932 на quickserve.cummins.com — там указан полный список тем/бюллетеней
TR100A;3331873;"TSB230083,T";https://www.google.com/search?q=Cummins%203331873%20bulletin%20filetype%3Apdf;Открыть деталь 3331873 на quickserve.cummins.com — там указан полный список тем/бюллетеней
TR100A;3332136;"04T19-2,03T";https://www.google.com/search?q=Cummins%203332136%20bulletin%20filetype%3Apdf;Открыть деталь 3332136 на quickserve.cummins.com — там указан полный список тем/бюллетеней
TR100A;3522904;"02T10-5,TSB";https://www.google.com/search?q=Cummins%203522904%20bulletin%20filetype%3Apdf;Открыть деталь 3522904 на quickserve.cummins.com — там указан полный список тем/бюллетеней
TR100A;3627961;"02T0-8,02T0";https://www.google.com/search?q=Cummins%203627961%20bulletin%20filetype%3Apdf;Открыть деталь 3627961 на quickserve.cummins.com — там указан полный список тем/бюллетеней
TR100A;3678606;"02T0-8,TSB2";https://www.google.com/search?q=Cummins%203678606%20bulletin%20filetype%3Apdf;Открыть деталь 3678606 на quickserve.cummins.com — там указан полный список тем/бюллетеней
TR100A;3678611;"TSB230131,0";https://www.google.com/search?q=Cummins%203678611%20bulletin%20filetype%3Apdf;Открыть деталь 3678611 на quickserve.cummins.com — там указан полный список тем/бюллетеней
TR100A;3678786;"05T10-1,05T";https://www.google.com/search?q=Cummins%203678786%20bulletin%20filetype%3Apdf;Открыть деталь 3678786 на quickserve.cummins.com — там указан полный список тем/бюллетеней
TR100A;3678873;"TSB250148,0";https://www.google.com/search?q=Cummins%203678873%20bulletin%20filetype%3Apdf;Открыть деталь 3678873 на quickserve.cummins.com — там указан полный список тем/бюллетеней
TR100A;3678921;"05T5-19,02T";https://www.google.com/search?q=Cummins%203678921%20bulletin%20filetype%3Apdf;Открыть деталь 3678921 на quickserve.cummins.com — там указан полный список тем/бюллетеней
TR100A;3678923;"99T5-5,05T1";https://www.google.com/search?q=Cummins%203678923%20bulletin%20filetype%3Apdf;Открыть деталь 3678923 на quickserve.cummins.com — там указан полный список тем/бюллетеней
TR100A;3678925;"02T0-8,05T1";https://www.google.com/search?q=Cummins%203678925%20bulletin%20filetype%3Apdf;Открыть деталь 3678925 на quickserve.cummins.com — там указан полный список тем/бюллетеней
TR100A;3821847;"01T13-2,96T";https://www.google.com/search?q=Cummins%203821847%20bulletin%20filetype%3Apdf;Открыть деталь 3821847 на quickserve.cummins.com — там указан полный список тем/бюллетеней
TR100A;3900257;"02T2-1,05T1";https://www.google.com/search?q=Cummins%203900257%20bulletin%20filetype%3Apdf;Открыть деталь 3900257 на quickserve.cummins.com — там указан полный список тем/бюллетеней
TR100A;3900626;"TSB230131,0";https://www.google.com/search?q=Cummins%203900626%20bulletin%20filetype%3Apdf;Открыть деталь 3900626 на quickserve.cummins.com — там указан полный список тем/бюллетеней
TR100A;3902114;"04T10-7,TSB";https://www.google.com/search?q=Cummins%203902114%20bulletin%20filetype%3Apdf;Открыть деталь 3902114 на quickserve.cummins.com — там указан полный список тем/бюллетеней
TR100A;3925344;"TSB200234,0";https://www.google.com/search?q=Cummins%203925344%20bulletin%20filetype%3Apdf;Открыть деталь 3925344 на quickserve.cummins.com — там указан полный список тем/бюллетеней
TR100A;4067902;"TSB200234,T";https://www.google.com/search?q=Cummins%204067902%20bulletin%20filetype%3Apdf;Открыть деталь 4067902 на quickserve.cummins.com — там указан полный список тем/бюллетеней
TR100A;4924925;"TSB220145,T";https://www.google.com/search?q=Cummins%204924925%20bulletin%20filetype%3Apdf;Открыть деталь 4924925 на quickserve.cummins.com — там указан полный список тем/бюллетеней
TR100A;68368B;"05T6-8,04T5";https://www.google.com/search?q=Cummins%2068368B%20bulletin%20filetype%3Apdf;Открыть деталь 68368B на quickserve.cummins.com — там указан полный список тем/бюллетеней
